AssetID,Desc,DeprYTD,Code
499,Tru Laser 2030 Fiber,54755.04,111
522,TruLaser 3030 Fiber - Upgarde,33535.23,111
549,TruBend 5085,22824.24,112
502,TruPunch (S18),30041.31,111
513,Tu Bend 5085 (B23) SX - Press Breake,22504.52,112
548,Robotic Welder - 1902 New Butler Road,15709.63,321
547,Robotic Welder - 1902 New Butler Road,15866.73,321
550,Vertical Machining Center - Genos M560V,11500,321
523,TruBend 7036,13417.5,112
520,Hines Model 300 CNC Tube Bender,13764.23,113
500,Tru Laser - Liftmaster Shuttle,14901,111
567,"Kitchen, Bathrooms & Hallways - 1902 New Butler",4617.77,300
504,TruPunch Sheet Master Compact Basic,9958.69,111
374,Office Renovations  Mar & Apr,8869.81,200
541,Highway Connector & Parking Lot Drainage- New Butler,844.46,200
369,Office Renovation & Roof Replacement Jan & Feb,5855.24,300
545,2 Toyota Fork Lifts,6351.14,280
572,Robot Laser Sensor System,3918.09,321
552,Compressor - 1902 New Butler,5475.67,370
627,Shelving - 1900 New Butler,3611.47,280
542,Office Furniture - 1902 New Butler,3329.13,390
377,Final Office renovations June,2688.33,390
563,Equipment Hook up with Conduit to Breaker boxes - 1902 NB,1039.28,300
538,Tube End Finishing Machine,3635.63,113
525,2 Alum Molds 327-005 & 006,4750.83,401
553,2 TIG Welders - New Butler,2520.71,321
529,Toyota Small New Butler Lite Assembly,3284.99,280
530,Toyota Large New Butler Warehouse,3284.99,280
371,Duct Work,1822.92,200
554,Laser 3030 Kits,2056.96,111
641,Relocation of Mfg Cranes to 1902 New Butler,716.21,300
512,Used Forklift for Raw Material - Moravia,3467.71,180
519,140 Black Bins,3348.29,280
533,Tooling for Tube End Finishing Machine,1975.6,113
560,Internal Wiring - 1902 New Butler,622.87,300
628,Leak Test Tank Enclosure 1902 New Butler,1489.75,370
539,Rebuld old Tube end Finishing machine,1942.86,113
372,General Wiring Offices,1305.31,200
503,Tank Pads - Moravia - for bulk holding tanks for gas,1414.93,111
368,Heating & Air Conditioning,1337.89,200
644,Odoo Implementation Hours,3541.67,906
543,Exit Signage & Install - 1902 New Butler,1305.95,300
558,Leak Test tank Fittings x128 - Start up items,1248.34,370
566,Leak Tank Vertical air Receivers x4,1135.81,370
546,Large Steel Racking x25,1126.69,280
643,Exterior Lighting - 1900 New Butler,384.23,200
507,Nitrogen and Oxygen Piping to Laser,963.01,111
631,Robot Harness Wiring,975.75,321
555,MIG Welder Steel,1049.23,112
528,50 black  bins,1192.86,180
629,Pneumatic Press,724.29,321
510,Punch Tooling - 43 Pieces,1665.61,111
531,Pipe Notching Machine,1134.95,113
534,Steel Racking -Moravia,1033.22,180
514,Press Breake Tooling for New Machine,1440.51,112
515,Punch and Die for new Press Breake,1348.97,112
498,40 Manufacturing Carts - New Butler,2002.9,311
508,Deliver TruPunch,560,111
532,Punch Tooling,884.93,111
537,30 Black Bins,728.05,280
536,25 Wire Containers,724.96,280
544,Steel Racking x25,615.86,180
527,Tru Tool - TSC 100,919.57,112
516,Cabinet for new Press Breake Tooling,469,112
638,6 Cylinders Leak Test Tank Auto Project,487.41,370
373,Office Front Glass Work,460.73,200
509,Punch Tooling - 16 Pieces,1103.83,111
571,5 Engineering Computers,2199.5,900
526,Brake Tooling - 1 Punch & 1 Die,844.11,112
540,Tooling for Tub end finishing machine,560,113
637,3 computers for inventory control,664.74,900
630,Servometer - 2000 Punch,392.78,111
561,Argon Extensions & Drops Install,400,321
562,Breaker Box Rewiring - 1902 New Butler,147.43,300
633,3 printers for non alum line,618.19,900
501,2 Manifolds 260 Brass High Flow for New Laser,340.8,111
565,Gorbel Free Standing Crane - 1902 New Butler,321.37,311
551,Steel Hoppers x2,358.66,380
559,Punch Tooling,297.07,112
511,"6"" high Chainlink fence around gas tanks - Moravia",264.58,111
639,Leak Test Tank Fittings - 70 Eng Samples,1331.58,370
636,2 computers for inventory,409.95,900
506,Additional Prep work around Tank pads for gas tanks,253.52,111
634,4 computers for inventory process control,391.28,900
564,Surface Pro - Jen P,404.09,900
632,2510 & 3030 Laser Punch Parts,211.43,111
635,Amazon Computers new leak test tank,342.77,370
535,Bench Scale - New Butler,300.74,311
642,Sprinkler System - 1902 New Butler,76.06,300
556,Metal Cutting Band Saw,182.29,113
487,Security Cameras - Moravia & New Butler,1339.55,290
557,Torque Tester,157.89,311
521,Hand Held Plasma Cutter,283.38,112
495,Lincoln Welder from Velocity Building,357.14,321
524,Punch Tooling - Extrusion Assembly,150.08,111
489,Pipe Bending Tooling,652.94,113
493,2 Mold Cylinders - Ritter Technology LLC,336.83,401
490,2 Mold Cylinders,322.8,401
488,2 Mold Cylinders,322.8,401
640,Punch Tooling,1110.97,111
485,Oil Pump for Machine Maintenance,250.44,110
482,2 Mold Cylinders,322.8,401
483,2 Mold Cylinders,322.8,401
484,Welder Arm,172.33,321
29,Dell Computer Hardware,0,0
44,Computer Equipment,0,0
57,Forklift,0,0
62,Warehouse Tools,0,0
64,Color Plates Wide,0,0
65,Color Plate Wide,0,0
66,Shrinkwrap Machine,0,0
67,Forklift Attachment,0,0
68,Warehouse Shelving,0,0
69,Band Saw,0,0
70,Warehouse Tools,0,0
71,Test Plug Equipment,0,0
72,Refrigerator / Grille / Sander / Wet Vac,0,0
73,Radiator Test Equipment,0,0
74,Air Compressor,0,0
76,Test Tank Equipment,0,0
77,Load Binders,0,0
79,Nissan Forklift,0,0
80,Equipment,0,0
81,HVAC for modular office,0,0
83,Platforms,0,0
84,Crane with Hoist Trolley,0,0
87,Forklift,0,0
88,Stretch Wrap Machine,0,0
89,Instapak Machine,0,0
90,Nissan CF40LP Forklift,0,0
92,Scale & Zebra Printer,0,0
93,TIG Welder & Accessories,0,0
94,Nissan CF40LP Forklift,0,0
95,Chain Link Fence - Outside,0,0
96,Pallet Pal w/ Rotator Top,0,0
97,Air Compressor,0,0
98,Time Clock-Hand Punch,0,0
99,Slear,0,0
100,Punch,0,0
101,Press Break,0,0
102,Press Break 2,0,0
103,Heager Press 1,0,0
104,Collap Bins,0,0
106,Pallet Stands,0,0
107,Workstation Crane,0,0
108,Assembly Area,0,0
110,Nelson Wire Mesh Baskets,0,0
111,Cabinets,0,0
112,Racks,0,0
114,Hoppers,0,0
118,Bookcase,0,0
119,Office Furniture,0,0
120,Warehouse Shelving,0,0
121,Table Bins,0,0
122,Bookcase,0,0
123,Trade Show Booth,0,0
124,Lateral File Cabinets,0,0
125,Office Furniture & Desks,0,0
126,Safes,0,0
128,Office Furniture,0,0
129,Warehouse Shelving,0,0
130,Lateral File Cabinets,0,0
131,Window Head Rails,0,0
132,Warehouse Lockers,0,0
133,Office Furniture,0,0
134,Warehouse Shelving,0,0
135,Office Furniture,0,0
136,Warehouse shelving,0,0
137,Warehouse Shelving,0,0
138,Office Furniture,0,0
139,Desks,0,0
140,Cubicles,0,0
141,Warehouse Lighting,0,0
142,Warehouse Shelving,0,0
143,Office Furniture,0,0
144,Warehouse Shelving,0,0
145,Warehouse Bins,0,0
146,Warehouse Shelving,0,0
147,Warehouse Bins,0,0
148,Warehouse Shelving,0,0
149,Cubicles,0,0
150,Tables & Chairs - Carla's Office,0,0
151,Nicki's Desk & Work Space,0,0
155,Modular Office,0,0
156,Modular Office,0,0
172,Computer Software,0,0
173,MAS 500,0,0
174,Computer Software,0,0
175,Computer Software,0,0
178,Inventory Mgt Sys,0,0
179,Trumpf Punch Software,0,0
180,Hand Punch Software,0,0
181,MAS 500 P/Y Catch-Up,0,0
182,Computer Software,0,0
184,Lathe - Used,0,0
185,Milling Machine - Used,0,0
186,Rolling Band Saw - Used,0,0
191,"Ladder, Forklift Gate, Stands - Used",0,0
194,Haeger Insertion Press Break #2,0,0
195,Speedy Packer Bench Style Model,0,0
196,Trumpf SZ1 Thread Form,0,0
198,Forklift - for Rolled Steel,0,0
199,Exhaust Hood Welder Table,0,0
200,60- Collapsible Bins,0,0
201,Weld Screen,0,0
202,Welder - Mfg,0,0
210,Color Laser Printer,0,0
212,Fax Machine,0,0
213,Bar Coding Software,0,0
214,Enhancements WA & Installation,0,0
215,Installation of Bar Coding Software & Training,0,0
216,Trumpf 2510  Laser - Used,0,0
219,Off load laser w/ crane,0,0
221,7 Gauge Dump Hopper,0,0
222,Steel Racking - Steel Sheets,0,0
223,Press Brake,0,0
224,25 Plastic Black Bins,0,0
227,Welder - Valley Industrial Gases,0,0
229,40 Plastic Black Bins,0,0
242,PSI Concrete with Fiber & Rods,0,0
253,Engineering PC - Sam,0,0
254,Engineering PC- Jon,0,0
255,Dave R's Workstation,0,0
258,Windchill Engineering Software,0,0
259,Backup and recovery software - Acronis Intl,0,0
264,Laptops for Carla and Tyler,0,0
265,Computer Quality - Jackie,0,0
269,3 Module Triax Accel Diff Out 25g,0,0
274,Isgus Time Clock - New Bldg,0,0
283,Catch Basin & Dock Apron,597.61,980
284,Lighting - New Bldg.,0,0
285,Electrical Wiring New Lighting,0,0
286,Computer - Dave Richardson,0,0
287,Computer - Brian Meier,0,0
288,Computer - Joe O'Block,0,0
289,Computer - Carla Home Log-In,0,0
294,VM Ware Software,0,0
295,Microsoft Software,0,0
296,Windows Server Software,0,0
297,SQL Server Software,0,0
298,Phone System,0,0
299,Deluxe Cylinder Dolly,0,0
300,Floor Scrubber,0,0
301,75 Bulldog Racking,0,0
302,Stretch Wrapper,0,0
303,25 Collapsible Containers,0,0
304,40 Black Bins,0,0
305,15 Wire Containers,0,0
306,Granite Engineering Table,0,0
307,Gorbel Bridge Crane & Hoists,0,0
308,2 Dump Hoppers,0,0
309,Shelving - New Building,0,0
316,Offices - Lighting Wiring - Labor,0,0
317,Offices - Walls Lumber - Labor,0,0
318,Garage Door & Install,0,0
319,Electrical Wiring New Lighting,0,0
320,Security System New Butler,0,0
321,Lighting New Offices,0,0
322,Electrical Panals New Building,0,0
323,14 Lighting,0,0
324,Office Renovations,0,0
325,Computers - Rhonda & Carla,0,0
326,Network Switch,0,0
328,Carla's Laptop at the Lake,0,0
329,5 Computers,0,0
332,Dave Richardson Computer,0,0
333,Engineering PC,0,0
334,Network Infrastructure Device,0,0
335,36 Memory Module for 3 Servers,0,0
337,Dell 3333 Laser Printer,0,0
338,Jen Passarelli Lap Top,0,0
340,Email Server Software,0,0
341,Forklift,0,0
345,Portable Coordinant Measuring,0,0
352,File Server,0,0
353,Engineering PC,0,0
354,PDF Server,0,0
355,Buckner Computer,0,0
356,Labview Software - Audia,0,0
357,General Furniture - New Butler,0,0
358,Executive Office Furniture (Dave & Carla) - New Butler,0,0
359,Electric Range - New Butler,0,0
360,Refrig - New Butler,0,0
361,2 TV's Conference room tv's  - New Butler,0,0
362,"SAMSUNG 60"" TV DJR OFFICE - MORAVIA",0,0
363,"""AIR CONDITIONING SYSTEM PUT IN I.T. ROOM - MORAVIA",0,0
370,"Wiring for lighting, data, & power in new office",0,0
375,Wiring of Data and Phone Lines,0,0
376,Final Electrical work,0,0
378,Network Device Switch,0,0
379,SAN server,0,0
382,Qtech pc,0,0
383,Milling Guy - New PC,0,0
384,PC for Robotic Welder,0,0
385,Dave Richardson PC - New Butler,0,0
386,Carla  PC - New Butler,0,0
387,New eng PC,0,0
388,JIM PYER - LAPTOP,0,0
389,LAPTOP - Brian Eng,0,0
391,Software Scott 13 - AutoCAD LT 2012,0,0
394,SOFTWARE FOR PROGRAMMING TEST MACHINES,0,0
395,Scissor Lift,0,0
396,Leonard Model Tubemaster Flaring & Bending Machine,0,0
397,MIG Welders,0,0
398,Flaring tool for tube bender,0,0
399,crane 1000#cap 15' span - edney,0,0
400,Moravia - electrical work welding area,0,0
401,Moravia - electrical work tube bending area,0,0
402,Crane for Weld Station,0,0
404,Tube Bending Machine Computer Board,0,0
406,Hoist for Mfg Crane,0,0
407,Jib Crane,0,0
408,Instapak Machine - New Butler Road,0,0
409,CNC Electrical Wiring,0,0
410,CNC Milll Magnets x2,0,0
411,"Wiring of New Lines - CNC Mill #1, Tube Bender & other Machines - Moravia",0,0
412,New CNC MILL #2,0,0
413,40 BLACK BINS,0,0
414,LATHE - OKUMA GENOS L300,0,0
415,CNC LATHE Transformer,0,0
418,"Wiring of CNC Lathe & new CNC Mill #2, & Adjusted Light Assembly Area",0,0
419,2 60 inch TV's Dave & Carla - New Butler,0,0
421,CNC Lathe - Short Bar Feeder,0,0
424,Used CNC Machine - Trade Mold Tank 5,0,0
426,Bluco Fixture Table for Deutz,326.47,112
427,"Tube Bender, Expander reducer machine",61.36,113
428,H&H Press Head Spot Welder,0.01,112
431,Color Printer,0,0
432,Computer Pete Rossin -  Apple Ipad,0,0
433,"DJR's 18"" Tablet",0,0
434,Jim Richardson Lakehouse Computer,0,0
435,Software upgrade for Lathe,0,0
436,Dock Repairs - Moravia,0,0
437,DJR Computer - Moravia,0,0
438,Large Chiller-Spot Welder,34.29,112
439,TIG Welder,0,0
440,Thermal Cycle Testing Imaging Camera,23.87,949
441,Chiller-Thermal Cycle Tester,240.53,949
442,DJR Computer New Butler,0,0
443,Computer Server Switch,0,0
445,Computer Firewall,0,0
448,40 Black Bins,264.3,980
449,Gray Warehouse Reacking - New Butler,287.42,280
451,CAC Pipe Racking,0,0
452,Racking - New Butler,222.89,280
453,Floor Scale - New Butler,388.72,280
454,50 Black Bins,1101.18,980
455,TIG Welder - Moravia,0,0
456,TIG Welder - New Butler,0,0
457,Robotic Welder #2,15158.11,321
458,Robotic Welder #3,15158.11,321
459,Conveyor for Trumpf Punch,306.19,111
460,OKUMA 3000 Lathe,10833.32,321
461,Fixture for New Robotic Welder,2263.91,321
463,TruBend 7036,13916.11,112
464,Tube Bender,4337.45,113
474,Current Monitor & Pressure Transducer - Weld Nut Machine,21.99,112
475,6 New Wifi Devices,0,0
476,DJR Tablet,0,0
477,3 Network Switches - System Overhaul,0,0
478,Pyer Tablet,0,0
479,Leased Furniture for Florida Guest House,1407.49,900
480,Leased Furniture for Florida Guest House,1651.93,900
481,Compressor at Moravia,1929.44,110
486,2 Dot Hill Server Controllers housed at RCP,0,0
491,DJR Computer - Dell Venue 11 Pro,22.99,900
492,3 Computer Servers - Upgrades,335.68,900
494,CRM Software,0,0
496,Computer - Edney,95.95,900
497,Windchill upgrade server software,0,0
505,Surface Pro Computer,403.24,900
517,Sophos Cloud Email Protection,0,0
518,Windchill CREO Tool Design Software,0,0
